"","group","acceptedName","acceptedAuthor","nameSubmitted","url","nameScientific","scientificScore","matchedFamily","matchedFamilyScore","authorAttributed","family","genus","genusScore","speciesMatched","speciesMatchedScore","infraspecific1Rank","infraspecific1Epithet","infraspecific1EpithetScore","infraspecific2Rank","infraspecific2Epithet","infraspecific2EpithetScore","author","authorScore","annotation","unmatched","overall","epithet","epithetScore","acceptance","familySubmitted","selected","acceptedNameUrl"
"1","0","Acalypha rhomboidea","Raf.","Acalypha rhomboidea","http://www.tropicos.org/Name/12804612","Acalypha rhomboidea","1","","","Raf.","Euphorbiaceae","Acalypha","1","rhomboidea","1","","","","","","","","","","","1","rhomboidea","1","No opinion","",TRUE,"http://www.tropicos.org/Name/12804612"
"2","1","Acer negundo","L.","Acer negundo","http://www.tropicos.org/Name/200001","Acer negundo","1","","","L.","Sapindaceae","Acer","1","negundo","1","","","","","","","","","","","1","negundo","1","No opinion","",TRUE,"http://www.tropicos.org/Name/200001"
"3","2","Acer nigrum","F. Michx.","Acer nigrum","http://www.tropicos.org/Name/200061","Acer nigrum","1","","","F. Michx.","Sapindaceae","Acer","1","nigrum","1","","","","","","","","","","","1","nigrum","1","No opinion","",TRUE,"http://www.tropicos.org/Name/200061"
"4","3","Acer platanoides","L.","Acer platanoides","http://www.tropicos.org/Name/200035","Acer platanoides","1","","","L.","Sapindaceae","Acer","1","platanoides","1","","","","","","","","","","","1","platanoides","1","No opinion","",TRUE,"http://www.tropicos.org/Name/200035"
"5","4","Acer rubrum","L.","Acer rubrum","http://www.tropicos.org/Name/200014","Acer rubrum","1","","","L.","Sapindaceae","Acer","1","rubrum","1","","","","","","","","","","","1","rubrum","1","No opinion","",TRUE,"http://www.tropicos.org/Name/200014"
"6","5","Acer saccharinum","L.","Acer saccharinum","http://www.tropicos.org/Name/200038","Acer saccharinum","1","","","L.","Sapindaceae","Acer","1","saccharinum","1","","","","","","","","","","","1","saccharinum","1","No opinion","",TRUE,"http://www.tropicos.org/Name/200038"
"7","6","Acer saccharum","Marshall","Acer saccharum","http://www.tropicos.org/Name/200039","Acer saccharum","1","","","Marshall","Sapindaceae","Acer","1","saccharum","1","","","","","","","","","","","1","saccharum","1","No opinion","",TRUE,"http://www.tropicos.org/Name/200039"
"8","7","Achillea millefolium","L.","Achillea millefolium","http://www.tropicos.org/Name/2700015","Achillea millefolium","1","","","L.","Asteraceae","Achillea","1","millefolium","1","","","","","","","","","","","1","millefolium","1","No opinion","",TRUE,"http://www.tropicos.org/Name/2700015"
"9","8","Actinomeris alternifolia","(L.) DC.","Actinomeris alternifolia","http://www.tropicos.org/Name/2724522","Actinomeris alternifolia","1","","","(L.) DC.","Asteraceae","Actinomeris","1","alternifolia","1","","","","","","","","","","","1","alternifolia","1","No opinion","",TRUE,"http://www.tropicos.org/Name/2724522"
"10","9","Aesculus glabra","Willd.","Aesculus glabra","http://www.tropicos.org/Name/15500003","Aesculus glabra","1","","","Willd.","Sapindaceae","Aesculus","1","glabra","1","","","","","","","","","","","1","glabra","1","No opinion","",TRUE,"http://www.tropicos.org/Name/15500003"
"11","10","Poa nemoralis","L.","Agostis alba","http://www.tropicos.org/Name/25501694","Agrostis alba","0.97922049354994","","","L.","Poaceae","Agrostis","0.875","alba","1","","","","","","","","","","","0.97922049354994","alba","1","No opinion","",TRUE,"http://www.tropicos.org/Name/25509897"
"12","11","Agrimonia gryposepala","Wallr.","Agrimonia gryposepala","http://www.tropicos.org/Name/27801466","Agrimonia gryposepala","1","","","Wallr.","Rosaceae","Agrimonia","1","gryposepala","1","","","","","","","","","","","1","gryposepala","1","No opinion","",TRUE,"http://www.tropicos.org/Name/27801466"
"13","12","Elytrigia repens subsp. repens","","Agropyron repens","http://www.tropicos.org/Name/25501315","Agropyron repens","1","","","(L.) P. Beauv.","Poaceae","Agropyron","1","repens","1","","","","","","","","","","","1","repens","1","No opinion","",TRUE,"http://www.tropicos.org/Name/25511012"
"14","13","Poa nemoralis","L.","Agrostis alba","http://www.tropicos.org/Name/25501694","Agrostis alba","1","","","L.","Poaceae","Agrostis","1","alba","1","","","","","","","","","","","1","alba","1","No opinion","",TRUE,"http://www.tropicos.org/Name/25509897"
"15","14","Alliaria petiolata","(M. Bieb.) Cavara & Grande","Alliaria petiolata","http://www.tropicos.org/Name/4100299","Alliaria petiolata","1","","","(M. Bieb.) Cavara & Grande","Brassicaceae","Alliaria","1","petiolata","1","","","","","","","","","","","1","petiolata","1","No opinion","",TRUE,"http://www.tropicos.org/Name/4100299"
"16","15","Allium canadense","L.","Allium canadense","http://www.tropicos.org/Name/18401640","Allium canadense","1","","","L.","Amaryllidaceae","Allium","1","canadense","1","","","","","","","","","","","1","canadense","1","No opinion","",TRUE,"http://www.tropicos.org/Name/18401640"
"17","16","Allium cernuum","Roth","Allium cernuum","http://www.tropicos.org/Name/18401650","Allium cernuum","1","","","Roth","Amaryllidaceae","Allium","1","cernuum","1","","","","","","","","","","","1","cernuum","1","No opinion","",TRUE,"http://www.tropicos.org/Name/18401650"
"18","17","Allium stellatum","Nutt. ex Ker Gawl.","Allium stellatum","http://www.tropicos.org/Name/18401727","Allium stellatum","1","","","Nutt. ex Ker Gawl.","Amaryllidaceae","Allium","1","stellatum","1","","","","","","","","","","","1","stellatum","1","No opinion","",TRUE,"http://www.tropicos.org/Name/18401727"
"19","18","Allium tricoccum","Aiton","Allium tricoccum","http://www.tropicos.org/Name/18400477","Allium tricoccum","1","","","Aiton","Amaryllidaceae","Allium","1","tricoccum","1","","","","","","","","","","","1","tricoccum","1","No opinion","",TRUE,"http://www.tropicos.org/Name/18400477"
"20","19","Ambrosia artemisiifolia","L.","Ambrosia artemisiifolia","http://www.tropicos.org/Name/2701648","Ambrosia artemisiifolia","1","","","L.","Asteraceae","Ambrosia","1","artemisiifolia","1","","","","","","","","","","","1","artemisiifolia","1","No opinion","",TRUE,"http://www.tropicos.org/Name/2701648"
"21","20","Ambrosia trifida","L.","Ambrosia trifida","http://www.tropicos.org/Name/2700037","Ambrosia trifida","1","","","L.","Asteraceae","Ambrosia","1","trifida","1","","","","","","","","","","","1","trifida","1","No opinion","",TRUE,"http://www.tropicos.org/Name/2700037"
"22","21","","","Andropogon gerardii","http://www.tropicos.org/Name/25518577","Andropogon gerardii","1","","","Vitman","","Andropogon","1","gerardii","1","","","","","","","","","","","1","gerardii","1","No opinion","",TRUE,""
"23","22","Anemone caroliniana","Walter","Anemone caroliniana","http://www.tropicos.org/Name/27100649","Anemone caroliniana","1","","","Walter","Ranunculaceae","Anemone","1","caroliniana","1","","","","","","","","","","","1","caroliniana","1","No opinion","",TRUE,"http://www.tropicos.org/Name/27100649"
"24","23","Thalictrum thalictroides","(L.) A.J. Eames & B. Boivin","Anemonella thalictroides","http://www.tropicos.org/Name/27101401","Anemonella thalictroides","1","","","(L.) Spach","Ranunculaceae","Anemonella","1","thalictroides","1","","","","","","","","","","","1","thalictroides","1","No opinion","",TRUE,"http://www.tropicos.org/Name/27100858"
"25","24","Anemone quinquefolia","L.","Anemone quinquefolia","http://www.tropicos.org/Name/27100670","Anemone quinquefolia","1","","","L.","Ranunculaceae","Anemone","1","quinquefolia","1","","","","","","","","","","","1","quinquefolia","1","No opinion","",TRUE,"http://www.tropicos.org/Name/27100670"
"26","25","Anemone virginiana","L.","Anemone virginiana","http://www.tropicos.org/Name/27100048","Anemone virginiana","1","","","L.","Ranunculaceae","Anemone","1","virginiana","1","","","","","","","","","","","1","virginiana","1","No opinion","",TRUE,"http://www.tropicos.org/Name/27100048"
"27","26","Aquilegia canadensis","L.","Aquilegia canadensis","http://www.tropicos.org/Name/27100055","Aquilegia canadensis","1","","","L.","Ranunculaceae","Aquilegia","1","canadensis","1","","","","","","","","","","","1","canadensis","1","No opinion","",TRUE,"http://www.tropicos.org/Name/27100055"
"28","27","Arctium minus","(Hill) Bernh.","Arctium minus","http://www.tropicos.org/Name/2701732","Arctium minus","1","","","(Hill) Bernh.","Asteraceae","Arctium","1","minus","1","","","","","","","","","","","1","minus","1","No opinion","",TRUE,"http://www.tropicos.org/Name/2701732"
"29","28","Moehringia lateriflora","(L.) Fenzl","Arenaria lateriflora","http://www.tropicos.org/Name/6301538","Arenaria lateriflora","1","","","L.","Caryophyllaceae","Arenaria","1","lateriflora","1","","","","","","","","","","","1","lateriflora","1","No opinion","",TRUE,"http://www.tropicos.org/Name/6300177"
"30","29","Arisaema dracontium","(L.) Schott","Arisaema dracontium","http://www.tropicos.org/Name/2101479","Arisaema dracontium","1","","","(L.) Schott","Araceae","Arisaema","1","dracontium","1","","","","","","","","","","","1","dracontium","1","No opinion","",TRUE,"http://www.tropicos.org/Name/2101479"
"31","30","Arisaema triphyllum","(L.) Schott","Arisaema triphyllum","http://www.tropicos.org/Name/2101549","Arisaema triphyllum","1","","","(L.) Schott","Araceae","Arisaema","1","triphyllum","1","","","","","","","","","","","1","triphyllum","1","No opinion","",TRUE,"http://www.tropicos.org/Name/2101549"
"32","31","Aruncus dioicus","(Walter) Fernald","Aruncus dioicus","http://www.tropicos.org/Name/27801005","Aruncus dioicus","1","","","(Walter) Fernald","Rosaceae","Aruncus","1","dioicus","1","","","","","","","","","","","1","dioicus","1","No opinion","",TRUE,"http://www.tropicos.org/Name/27801005"
"33","32","Asarum canadense","L.","Asarum canadense","http://www.tropicos.org/Name/2500002","Asarum canadense","1","","","L.","Aristolochiaceae","Asarum","1","canadense","1","","","","","","","","","","","1","canadense","1","No opinion","",TRUE,"http://www.tropicos.org/Name/2500002"
"34","33","Asclepias meadii","Torr. ex A. Gray","Asclepias meadii","http://www.tropicos.org/Name/2600161","Asclepias meadii","1","","","Torr. ex A. Gray","Apocynaceae","Asclepias","1","meadii","1","","","","","","","","","","","1","meadii","1","No opinion","",TRUE,"http://www.tropicos.org/Name/2600161"
"35","34","Asclepias syriaca","L.","Asclepias syriaca","http://www.tropicos.org/Name/2600005","Asclepias syriaca","1","","","L.","Apocynaceae","Asclepias","1","syriaca","1","","","","","","","","","","","1","syriaca","1","No opinion","",TRUE,"http://www.tropicos.org/Name/2600005"
"36","35","Asclepias verticillata","L.","Asclepias verticillata","http://www.tropicos.org/Name/2600006","Asclepias verticillata","1","","","L.","Apocynaceae","Asclepias","1","verticillata","1","","","","","","","","","","","1","verticillata","1","No opinion","",TRUE,"http://www.tropicos.org/Name/2600006"
"37","36","Symphyotrichum lateriflorum","(L.) Á. Löve & D. Löve","Aster lateriflorus","http://www.tropicos.org/Name/2700208","Aster lateriflorus","1","","","(L.) Britton","Asteraceae","Aster","1","lateriflorus","1","","","","","","","","","","","1","lateriflorus","1","No opinion","",TRUE,"http://www.tropicos.org/Name/2701360"
"38","37","Symphyotrichum pilosum","(Willd.) G.L. Nesom","Aster pilosus","http://www.tropicos.org/Name/2701873","Aster pilosus","1","","","Willd.","Asteraceae","Aster","1","pilosus","1","","","","","","","","","","","1","pilosus","1","No opinion","",TRUE,"http://www.tropicos.org/Name/50264950"
"39","38","Symphyotrichum cordifolium","(L.) G.L. Nesom","Aster sagittifolius","http://www.tropicos.org/Name/2700247","Aster sagittifolius","1","","","Wedem. ex Willd.","Asteraceae","Aster","1","sagittifolius","1","","","","","","","","","","","1","sagittifolius","1","No opinion","",TRUE,"http://www.tropicos.org/Name/50042346"
"40","39","Symphyotrichum shortii","(Lindl.) G.L. Nesom","Aster shortii","http://www.tropicos.org/Name/2700252","Aster shortii","1","","","Lindl.","Asteraceae","Aster","1","shortii","1","","","","","","","","","","","1","shortii","1","No opinion","",TRUE,"http://www.tropicos.org/Name/50042350"
"41","40","Barbarea vulgaris","W.T. Aiton","Barbarea vulgaris","http://www.tropicos.org/Name/4102250","Barbarea vulgaris","1","","","W.T. Aiton","Brassicaceae","Barbarea","1","vulgaris","1","","","","","","","","","","","1","vulgaris","1","No opinion","",TRUE,"http://www.tropicos.org/Name/4102250"
"42","41","Berberis thunbergii","DC.","Berberis thunbergii","http://www.tropicos.org/Name/3500183","Berberis thunbergii","1","","","DC.","Berberidaceae","Berberis","1","thunbergii","1","","","","","","","","","","","1","thunbergii","1","No opinion","",TRUE,"http://www.tropicos.org/Name/3500183"
"43","42","Bidens cernua","L.","Bidens cernua","http://www.tropicos.org/Name/2700297","Bidens cernua","1","","","L.","Asteraceae","Bidens","1","cernua","1","","","","","","","","","","","1","cernua","1","No opinion","",TRUE,"http://www.tropicos.org/Name/2700297"
"44","43","Bidens frondosa","L.","Bidens frondosa","http://www.tropicos.org/Name/2700300","Bidens frondosa","1","","","L.","Asteraceae","Bidens","1","frondosa","1","","","","","","","","","","","1","frondosa","1","No opinion","",TRUE,"http://www.tropicos.org/Name/2700300"
"45","44","Boehmeria cylindrica","(L.) Sw.","Boehmeria cylindrica","http://www.tropicos.org/Name/33400381","Boehmeria cylindrica","1","","","(L.) Sw.","Urticaceae","Boehmeria","1","cylindrica","1","","","","","","","","","","","1","cylindrica","1","No opinion","",TRUE,"http://www.tropicos.org/Name/33400381"
"46","45","Brassicaceae","Burnett","Brassicaceae family","http://www.tropicos.org/Name/42000136","Brassicaceae","0.5","Brassicaceae","1","Burnett","Brassicaceae","","","","","","","","","","","","","","family","0.5","","","No opinion","Brassicaceae",TRUE,"http://www.tropicos.org/Name/42000136"
"47","46","Bromus inermis","Leyss.","Bromis inermis","http://www.tropicos.org/Name/25509399","Bromus inermis","0.9694502693699","","","Leyss.","Poaceae","Bromus","0.83333333333333","inermis","1","","","","","","","","","","","0.9694502693699","inermis","1","No opinion","",TRUE,"http://www.tropicos.org/Name/25509399"
"48","47","Bromus inermis","Leyss.","Bromus inermis","http://www.tropicos.org/Name/25509399","Bromus inermis","1","","","Leyss.","Poaceae","Bromus","1","inermis","1","","","","","","","","","","","1","inermis","1","No opinion","",TRUE,"http://www.tropicos.org/Name/25509399"
"49","48","Campanula americana","L.","Campanula americana","http://www.tropicos.org/Name/5500051","Campanula americana","1","","","L.","Campanulaceae","Campanula","1","americana","1","","","","","","","","","","","1","americana","1","No opinion","",TRUE,"http://www.tropicos.org/Name/5500051"
"50","49","Carex blanda","Dewey","Carex blanda","http://www.tropicos.org/Name/9900124","Carex blanda","1","","","Dewey","Cyperaceae","Carex","1","blanda","1","","","","","","","","","","","1","blanda","1","No opinion","",TRUE,"http://www.tropicos.org/Name/9900124"
"51","50","Carex gravida","L.H. Bailey","Carex gravida","http://www.tropicos.org/Name/9900190","Carex gravida","1","","","L.H. Bailey","Cyperaceae","Carex","1","gravida","1","","","","","","","","","","","1","gravida","1","No opinion","",TRUE,"http://www.tropicos.org/Name/9900190"
"52","51","Carex hirtifolia","Mack.","Carex hirtifolia","http://www.tropicos.org/Name/9901587","Carex hirtifolia","1","","","Mack.","Cyperaceae","Carex","1","hirtifolia","1","","","","","","","","","","","1","hirtifolia","1","No opinion","",TRUE,"http://www.tropicos.org/Name/9901587"
"53","52","Carex pensylvanica","Lam.","Carex pensylvanica","http://www.tropicos.org/Name/9900056","Carex pensylvanica","1","","","Lam.","Cyperaceae","Carex","1","pensylvanica","1","","","","","","","","","","","1","pensylvanica","1","No opinion","",TRUE,"http://www.tropicos.org/Name/9900056"
"54","53","Carex rosea","Schkuhr ex Willd.","Carex rosea","http://www.tropicos.org/Name/9900281","Carex rosea","1","","","Schkuhr ex Willd.","Cyperaceae","Carex","1","rosea","1","","","","","","","","","","","1","rosea","1","No opinion","",TRUE,"http://www.tropicos.org/Name/9900281"
"55","54","Carex sparganioides","Muhl. ex Willd.","Carex sparganioides","http://www.tropicos.org/Name/9901719","Carex sparganioides","1","","","Muhl. ex Willd.","Cyperaceae","Carex","1","sparganioides","1","","","","","","","","","","","1","sparganioides","1","No opinion","",TRUE,"http://www.tropicos.org/Name/9901719"
"56","55","Carex tribuloides","Wahlenb.","Carex tribuloides","http://www.tropicos.org/Name/9902806","Carex tribuloides","1","","","Wahlenb.","Cyperaceae","Carex","1","tribuloides","1","","","","","","","","","","","1","tribuloides","1","No opinion","",TRUE,"http://www.tropicos.org/Name/9902806"
"57","56","Carex vulpinoidea","Michx.","Carex vulpinoidea","http://www.tropicos.org/Name/9900321","Carex vulpinoidea","1","","","Michx.","Cyperaceae","Carex","1","vulpinoidea","1","","","","","","","","","","","1","vulpinoidea","1","No opinion","",TRUE,"http://www.tropicos.org/Name/9900321"
"58","57","Carya cordiformis","(Wangenh.) K. Koch","Carya cordiformis","http://www.tropicos.org/Name/16700018","Carya cordiformis","1","","","(Wangenh.) K. Koch","Juglandaceae","Carya","1","cordiformis","1","","","","","","","","","","","1","cordiformis","1","No opinion","",TRUE,"http://www.tropicos.org/Name/16700018"
"59","58","Carya ovata","(Mill.) K. Koch","Carya ovata","http://www.tropicos.org/Name/16700033","Carya ovata","1","","","(Mill.) K. Koch","Juglandaceae","Carya","1","ovata","1","","","","","","","","","","","1","ovata","1","No opinion","",TRUE,"http://www.tropicos.org/Name/16700033"
"60","59","Caulophyllum thalictroides","(L.) Michx.","Caulophyllum thalictroides","http://www.tropicos.org/Name/3500004","Caulophyllum thalictroides","1","","","(L.) Michx.","Berberidaceae","Caulophyllum","1","thalictroides","1","","","","","","","","","","","1","thalictroides","1","No opinion","",TRUE,"http://www.tropicos.org/Name/3500004"
"61","60","Celastrus scandens","L.","Celastrus scandens","http://www.tropicos.org/Name/6600002","Celastrus scandens","1","","","L.","Celastraceae","Celastrus","1","scandens","1","","","","","","","","","","","1","scandens","1","No opinion","",TRUE,"http://www.tropicos.org/Name/6600002"
"62","61","Celtis occidentalis","L.","Celtis occidentalis","http://www.tropicos.org/Name/33300001","Celtis occidentalis","1","","","L.","Cannabaceae","Celtis","1","occidentalis","1","","","","","","","","","","","1","occidentalis","1","No opinion","",TRUE,"http://www.tropicos.org/Name/33300001"
"63","62","Cercis canadensis","L.","Cercis canadensis","http://www.tropicos.org/Name/13028557","Cercis canadensis","1","","","L.","Fabaceae","Cercis","1","canadensis","1","","","","","","","","","","","1","canadensis","1","No opinion","",TRUE,"http://www.tropicos.org/Name/13028557"
"64","63","Chenopodium album","L.","Chenopodium album","http://www.tropicos.org/Name/7200019","Chenopodium album","1","","","L.","Amaranthaceae","Chenopodium","1","album","1","","","","","","","","","","","1","album","1","No opinion","",TRUE,"http://www.tropicos.org/Name/7200019"
"65","64","Leucanthemum vulgare","Lam.","Chrysanthemum leucanthemum","http://www.tropicos.org/Name/2700549","Chrysanthemum leucanthemum","1","","","L.","Asteraceae","Chrysanthemum","1","leucanthemum","1","","","","","","","","","","","1","leucanthemum","1","No opinion","",TRUE,"http://www.tropicos.org/Name/2700996"
"66","65","Circaea lutetiana","L.","Circaea lutetiana","http://www.tropicos.org/Name/23200713","Circaea lutetiana","1","","","L.","Onagraceae","Circaea","1","lutetiana","1","","","","","","","","","","","1","lutetiana","1","No opinion","",TRUE,"http://www.tropicos.org/Name/23200713"
"67","66","Cirsium arvense","(L.) Scop.","Cirsium arvense","http://www.tropicos.org/Name/2700565","Cirsium arvense","1","","","(L.) Scop.","Asteraceae","Cirsium","1","arvense","1","","","","","","","","","","","1","arvense","1","No opinion","",TRUE,"http://www.tropicos.org/Name/2700565"
"68","67","Cirsium vulgare","(Savi) Ten.","Cirsium vulgare","http://www.tropicos.org/Name/2700598","Cirsium vulgare","1","","","(Savi) Ten.","Asteraceae","Cirsium","1","vulgare","1","","","","","","","","","","","1","vulgare","1","No opinion","",TRUE,"http://www.tropicos.org/Name/2700598"
"69","68","Cladrastis lutea","(Michx.) K. Koch","Cladrastis lutea","http://www.tropicos.org/Name/13048366","Cladrastis lutea","1","","","(Michx.) K. Koch","Fabaceae","Cladrastis","1","lutea","1","","","","","","","","","","","1","lutea","1","No opinion","",TRUE,"http://www.tropicos.org/Name/13048366"
"70","69","Convolvulus arvensis","L.","Convolvulus arvensis","http://www.tropicos.org/Name/8500005","Convolvulus arvensis","1","","","L.","Convolvulaceae","Convolvulus","1","arvensis","1","","","","","","","","","","","1","arvensis","1","No opinion","",TRUE,"http://www.tropicos.org/Name/8500005"
"71","70","Calystegia sepium var. sepium","","Convolvulus sepium","http://www.tropicos.org/Name/8501054","Convolvulus sepium","1","","","L.","Convolvulaceae","Convolvulus","1","sepium","1","","","","","","","","","","","1","sepium","1","No opinion","",TRUE,"http://www.tropicos.org/Name/8501399"
"72","71","Cornus racemosa","Lam.","Cornus racemosa","http://www.tropicos.org/Name/8700113","Cornus racemosa","1","","","Lam.","Cornaceae","Cornus","1","racemosa","1","","","","","","","","","","","1","racemosa","1","No opinion","",TRUE,"http://www.tropicos.org/Name/8700113"
"73","72","Coronilla varia","L.","Coronilla varia","http://www.tropicos.org/Name/13028858","Coronilla varia","1","","","L.","Fabaceae","Coronilla","1","varia","1","","","","","","","","","","","1","varia","1","No opinion","",TRUE,"http://www.tropicos.org/Name/13028858"
"74","73","Dactylis glomerata","L.","Dactylis glomerata","http://www.tropicos.org/Name/25509480","Dactylis glomerata","1","","","L.","Poaceae","Dactylis","1","glomerata","1","","","","","","","","","","","1","glomerata","1","No opinion","",TRUE,"http://www.tropicos.org/Name/25509480"
"75","74","Danthonia spicata","(L.) P. Beauv. ex Roem. & Schult.","Danthonia spicata","http://www.tropicos.org/Name/25510902","Danthonia spicata","1","","","(L.) P. Beauv. ex Roem. & Schult.","Poaceae","Danthonia","1","spicata","1","","","","","","","","","","","1","spicata","1","No opinion","",TRUE,"http://www.tropicos.org/Name/25510902"
"76","75","Daucus carota","L.","Daucus carota","http://www.tropicos.org/Name/1701516","Daucus carota","1","","","L.","Apiaceae","Daucus","1","carota","1","","","","","","","","","","","1","carota","1","No opinion","",TRUE,"http://www.tropicos.org/Name/1701516"
"77","76","Dioscorea villosa","L.","Dioscorea villosa","http://www.tropicos.org/Name/11000317","Dioscorea villosa","1","","","L.","Dioscoreaceae","Dioscorea","1","villosa","1","","","","","","","","","","","1","villosa","1","No opinion","",TRUE,"http://www.tropicos.org/Name/11000317"
"78","77","Dipsacus fullonum","L.","Dipsacus sylvestris","http://www.tropicos.org/Name/11200148","Dipsacus sylvestris","1","","","Huds.","Caprifoliaceae","Dipsacus","1","sylvestris","1","","","","","","","","","","","1","sylvestris","1","No opinion","",TRUE,"http://www.tropicos.org/Name/11200089"
"79","78","Dodecatheon meadia","L.","Dodecatheon meadia","http://www.tropicos.org/Name/26400223","Dodecatheon meadia","1","","","L.","Primulaceae","Dodecatheon","1","meadia","1","","","","","","","","","","","1","meadia","1","No opinion","",TRUE,"http://www.tropicos.org/Name/26400223"
"80","79","Duchesnea indica","(Andrews) Teschem.","Duchesnea indica","http://www.tropicos.org/Name/27800853","Duchesnea indica","1","","","(Andrews) Teschem.","Rosaceae","Duchesnea","1","indica","1","","","","","","","","","","","1","indica","1","No opinion","",TRUE,"http://www.tropicos.org/Name/27800853"
"81","80","Elymus villosus","Muhl. ex Willd.","Elymus villosus","http://www.tropicos.org/Name/25510999","Elymus villosus","1","","","Muhl. ex Willd.","Poaceae","Elymus","1","villosus","1","","","","","","","","","","","1","villosus","1","No opinion","",TRUE,"http://www.tropicos.org/Name/25510999"
"82","81","Epilobium coloratum","Biehler","Epilobium coloratum","http://www.tropicos.org/Name/23200127","Epilobium coloratum","1","","","Biehler","Onagraceae","Epilobium","1","coloratum","1","","","","","","","","","","","1","coloratum","1","No opinion","",TRUE,"http://www.tropicos.org/Name/23200127"
"83","82","Erechtites","Raf.","Erechtites hieracifolia","http://www.tropicos.org/Name/40004562","Erechtites","0.5","","","Raf.","Asteraceae","Erechtites","1","","","","","","","","","","","","hieracifolia","0.5","","","No opinion","",TRUE,"http://www.tropicos.org/Name/40004562"
"84","83","Erigeron annuus","(L.) Pers.","Erigeron annuus","http://www.tropicos.org/Name/2702430","Erigeron annuus","1","","","(L.) Pers.","Asteraceae","Erigeron","1","annuus","1","","","","","","","","","","","1","annuus","1","No opinion","",TRUE,"http://www.tropicos.org/Name/2702430"
"85","84","Conyza canadensis","(L.) Cronquist","Erigeron canadensis","http://www.tropicos.org/Name/2700697","Erigeron canadensis","1","","","L.","Asteraceae","Erigeron","1","canadensis","1","","","","","","","","","","","1","canadensis","1","No opinion","",TRUE,"http://www.tropicos.org/Name/2702315"
"86","85","Erigeron strigosus","Muhl. ex Willd.","Erigeron strigosus","http://www.tropicos.org/Name/2702455","Erigeron strigosus","1","","","Muhl. ex Willd.","Asteraceae","Erigeron","1","strigosus","1","","","","","","","","","","","1","strigosus","1","No opinion","",TRUE,"http://www.tropicos.org/Name/2702455"
"87","86","Euonymus alatus","(Thunb.) Siebold","Euonymus alatus","http://www.tropicos.org/Name/6600294","Euonymus alatus","1","","","(Thunb.) Siebold","Celastraceae","Euonymus","1","alatus","1","","","","","","","","","","","1","alatus","1","No opinion","",TRUE,"http://www.tropicos.org/Name/6600294"
"88","87","Euonymus atropurpureus","Jacq.","Euonymus atropurpureus","http://www.tropicos.org/Name/6600296","Euonymus atropurpureus","1","","","Jacq.","Celastraceae","Euonymus","1","atropurpureus","1","","","","","","","","","","","1","atropurpureus","1","No opinion","",TRUE,"http://www.tropicos.org/Name/6600296"
"89","88","Ageratina altissima var. altissima","","Eupatorium rugosum","http://www.tropicos.org/Name/2702488","Eupatorium rugosum","1","","","Houtt.","Asteraceae","Eupatorium","1","rugosum","1","","","","","","","","","","","1","rugosum","1","No opinion","",TRUE,"http://www.tropicos.org/Name/50176316"
"90","89","","","Festuca elatior","http://www.tropicos.org/Name/25555091","Festuca elatior","1","","","St.-Yves","","Festuca","1","elatior","1","","","","","","","","","","","1","elatior","1","No opinion","",TRUE,""
"91","90","Fragaria vesca","L.","Fragaria vesca","http://www.tropicos.org/Name/27800061","Fragaria vesca","1","","","L.","Rosaceae","Fragaria","1","vesca","1","","","","","","","","","","","1","vesca","1","No opinion","",TRUE,"http://www.tropicos.org/Name/27800061"
"92","91","Fragaria virginiana","Mill.","Fragaria virginiana","http://www.tropicos.org/Name/50100081","Fragaria virginiana","1","","","Mill.","Rosaceae","Fragaria","1","virginiana","1","","","","","","","","","","","1","virginiana","1","No opinion","",TRUE,"http://www.tropicos.org/Name/50100081"
"93","92","Fraxinus americana","L.","Fraxinus americana","http://www.tropicos.org/Name/23000132","Fraxinus americana","1","","","L.","Oleaceae","Fraxinus","1","americana","1","","","","","","","","","","","1","americana","1","No opinion","",TRUE,"http://www.tropicos.org/Name/23000132"
"94","93","Fraxinus","L.","Fraxinus -","http://www.tropicos.org/Name/40010900","Fraxinus","0.95322410145539","","","L.","Oleaceae","Fraxinus","0.88888888888889","","","","","","","","","","","","","0.95322410145539","","","No opinion","",TRUE,"http://www.tropicos.org/Name/40010900"
"95","94","Fraxinus pennsylvanica","Marshall","Fraxinus pennsylvanica","http://www.tropicos.org/Name/23000144","Fraxinus pennsylvanica","1","","","Marshall","Oleaceae","Fraxinus","1","pennsylvanica","1","","","","","","","","","","","1","pennsylvanica","1","No opinion","",TRUE,"http://www.tropicos.org/Name/23000144"
"96","95","Fraxinus quadrangulata","Michx.","Fraxinus quadrangulata","http://www.tropicos.org/Name/23000146","Fraxinus quadrangulata","1","","","Michx.","Oleaceae","Fraxinus","1","quadrangulata","1","","","","","","","","","","","1","quadrangulata","1","No opinion","",TRUE,"http://www.tropicos.org/Name/23000146"
"97","96","Fraxinus","L.","Fraxinus seedling","http://www.tropicos.org/Name/40010900","Fraxinus","0.5","","","L.","Oleaceae","Fraxinus","1","","","","","","","","","","","","seedling","0.5","","","No opinion","",TRUE,"http://www.tropicos.org/Name/40010900"
"98","97","Galium aparine","L.","Galium aparine","http://www.tropicos.org/Name/27900076","Galium aparine","1","","","L.","Rubiaceae","Galium","1","aparine","1","","","","","","","","","","","1","aparine","1","No opinion","",TRUE,"http://www.tropicos.org/Name/27900076"
"99","98","Galium asprellum","Michx.","Galium asprellum","http://www.tropicos.org/Name/27902719","Galium asprellum","1","","","Michx.","Rubiaceae","Galium","1","asprellum","1","","","","","","","","","","","1","asprellum","1","No opinion","",TRUE,"http://www.tropicos.org/Name/27902719"
"100","99","Galium obtusum","Bigelow","Galium obtusum","http://www.tropicos.org/Name/27902782","Galium obtusum","1","","","Bigelow","Rubiaceae","Galium","1","obtusum","1","","","","","","","","","","","1","obtusum","1","No opinion","",TRUE,"http://www.tropicos.org/Name/27902782"
"101","100","Galium triflorum","Michx.","Galium triflorum","http://www.tropicos.org/Name/27900112","Galium triflorum","1","","","Michx.","Rubiaceae","Galium","1","triflorum","1","","","","","","","","","","","1","triflorum","1","No opinion","",TRUE,"http://www.tropicos.org/Name/27900112"
"102","101","Geranium maculatum","L.","Geranium maculatum","http://www.tropicos.org/Name/13900149","Geranium maculatum","1","","","L.","Geraniaceae","Geranium","1","maculatum","1","","","","","","","","","","","1","maculatum","1","No opinion","",TRUE,"http://www.tropicos.org/Name/13900149"
"103","102","Geum canadense","Jacq.","Geum canadense","http://www.tropicos.org/Name/27800887","Geum canadense","1","","","Jacq.","Rosaceae","Geum","1","canadense","1","","","","","","","","","","","1","canadense","1","No opinion","",TRUE,"http://www.tropicos.org/Name/27800887"
"104","103","Glechoma hederacea","L.","Glechoma hederacea","http://www.tropicos.org/Name/17600084","Glechoma hederacea","1","","","L.","Lamiaceae","Glechoma","1","hederacea","1","","","","","","","","","","","1","hederacea","1","No opinion","",TRUE,"http://www.tropicos.org/Name/17600084"
"105","104","Gleditsia triacanthos","L.","Gleditsia triacanthos","http://www.tropicos.org/Name/13001001","Gleditsia triacanthos","1","","","L.","Fabaceae","Gleditsia","1","triacanthos","1","","","","","","","","","","","1","triacanthos","1","No opinion","",TRUE,"http://www.tropicos.org/Name/13001001"
"106","105","Glyceria striata","(Lam.) Hitchc.","Glyceria striata","http://www.tropicos.org/Name/25509674","Glyceria striata","1","","","(Lam.) Hitchc.","Poaceae","Glyceria","1","striata","1","","","","","","","","","","","1","striata","1","No opinion","",TRUE,"http://www.tropicos.org/Name/25509674"
"107","106","","","Gymnocladus dioica","http://www.tropicos.org/Name/100346483","Gymnocladus dioica","1","","","(L.) K. Koch","","Gymnocladus","1","dioica","1","","","","","","","","","","","1","dioica","1","No opinion","",TRUE,""
"108","107","Hackelia virginiana","(L.) I.M. Johnst.","Hackelia virginiana","http://www.tropicos.org/Name/4000956","Hackelia virginiana","1","","","(L.) I.M. Johnst.","Boraginaceae","Hackelia","1","virginiana","1","","","","","","","","","","","1","virginiana","1","No opinion","",TRUE,"http://www.tropicos.org/Name/4000956"
"109","108","Helianthus divaricatus","L.","Helianthus divaricatus","http://www.tropicos.org/Name/2702635","Helianthus divaricatus","1","","","L.","Asteraceae","Helianthus","1","divaricatus","1","","","","","","","","","","","1","divaricatus","1","No opinion","",TRUE,"http://www.tropicos.org/Name/2702635"
"110","109","Helianthus hirsutus","Raf.","Helianthus strumosus","http://www.tropicos.org/Name/2710421","Helianthus strumosus","1","","","L.","Asteraceae","Helianthus","1","strumosus","1","","","","","","","","","","","1","strumosus","1","No opinion","",TRUE,"http://www.tropicos.org/Name/2724759"
"111","110","Anemone acutiloba","(DC.) G. Lawson","Hepatica acutiloba","http://www.tropicos.org/Name/27101625","Hepatica acutiloba","1","","","DC.","Ranunculaceae","Hepatica","1","acutiloba","1","","","","","","","","","","","1","acutiloba","1","No opinion","",TRUE,"http://www.tropicos.org/Name/27103248"
"112","111","Hydrastis canadensis","L.","Hydrastis canadensis","http://www.tropicos.org/Name/27100410","Hydrastis canadensis","1","","","L.","Ranunculaceae","Hydrastis","1","canadensis","1","","","","","","","","","","","1","canadensis","1","No opinion","",TRUE,"http://www.tropicos.org/Name/27100410"
"113","112","Hydrophyllum virginianum","L.","Hydrophyllum virginianum","http://www.tropicos.org/Name/16200020","Hydrophyllum virginianum","1","","","L.","Boraginaceae","Hydrophyllum","1","virginianum","1","","","","","","","","","","","1","virginianum","1","No opinion","",TRUE,"http://www.tropicos.org/Name/16200020"
"114","113","Elymus hystrix","L.","Hystrix patula","http://www.tropicos.org/Name/25518173","Hystrix patula","1","","","Moench","Poaceae","Hystrix","1","patula","1","","","","","","","","","","","1","patula","1","No opinion","",TRUE,"http://www.tropicos.org/Name/25510976"
"115","114","Impatiens capensis","Meerb.","Impatiens capensis","http://www.tropicos.org/Name/3100006","Impatiens capensis","1","","","Meerb.","Balsaminaceae","Impatiens","1","capensis","1","","","","","","","","","","","1","capensis","1","No opinion","",TRUE,"http://www.tropicos.org/Name/3100006"
"116","115","Impatiens pallida","Nutt.","Impatiens pallida","http://www.tropicos.org/Name/3100027","Impatiens pallida","1","","","Nutt.","Balsaminaceae","Impatiens","1","pallida","1","","","","","","","","","","","1","pallida","1","No opinion","",TRUE,"http://www.tropicos.org/Name/3100027"
"117","116","Isopyrum biternatum","(Raf.) Torr. & A. Gray","Isopyrum biternatum","http://www.tropicos.org/Name/27101628","Isopyrum biternatum","1","","","(Raf.) Torr. & A. Gray","Ranunculaceae","Isopyrum","1","biternatum","1","","","","","","","","","","","1","biternatum","1","No opinion","",TRUE,"http://www.tropicos.org/Name/27101628"
"118","117","Juglans cinerea","L.","Juglans cinerea","http://www.tropicos.org/Name/16700001","Juglans cinerea","1","","","L.","Juglandaceae","Juglans","1","cinerea","1","","","","","","","","","","","1","cinerea","1","No opinion","",TRUE,"http://www.tropicos.org/Name/16700001"
"119","118","Juglans nigra","L.","Juglans nigra","http://www.tropicos.org/Name/16700006","Juglans nigra","1","","","L.","Juglandaceae","Juglans","1","nigra","1","","","","","","","","","","","1","nigra","1","No opinion","",TRUE,"http://www.tropicos.org/Name/16700006"
"120","119","Juncus dudleyi","Wiegand","Juncus dudleyi","http://www.tropicos.org/Name/16900046","Juncus dudleyi","1","","","Wiegand","Juncaceae","Juncus","1","dudleyi","1","","","","","","","","","","","1","dudleyi","1","No opinion","",TRUE,"http://www.tropicos.org/Name/16900046"
"121","120","Juniperus virginiana","L.","Juniperus virginiana","http://www.tropicos.org/Name/9400157","Juniperus virginiana","1","","","L.","Cupressaceae","Juniperus","1","virginiana","1","","","","","","","","","","","1","virginiana","1","No opinion","",TRUE,"http://www.tropicos.org/Name/9400157"
"122","121","Lactuca canadensis","L.","Lactuca canadensis","http://www.tropicos.org/Name/2700947","Lactuca canadensis","1","","","L.","Asteraceae","Lactuca","1","canadensis","1","","","","","","","","","","","1","canadensis","1","No opinion","",TRUE,"http://www.tropicos.org/Name/2700947"
"123","122","Lactuca floridana","(L.) Gaertn.","Lactuca floridana","http://www.tropicos.org/Name/2700948","Lactuca floridana","1","","","(L.) Gaertn.","Asteraceae","Lactuca","1","floridana","1","","","","","","","","","","","1","floridana","1","No opinion","",TRUE,"http://www.tropicos.org/Name/2700948"
"124","123","Lactuca serriola","L.","Lactuca serriola","http://www.tropicos.org/Name/2700954","Lactuca serriola","1","","","L.","Asteraceae","Lactuca","1","serriola","1","","","","","","","","","","","1","serriola","1","No opinion","",TRUE,"http://www.tropicos.org/Name/2700954"
"125","124","Leersia oryzoides","(L.) Sw.","Leersia oryzoides","http://www.tropicos.org/Name/25509736","Leersia oryzoides","1","","","(L.) Sw.","Poaceae","Leersia","1","oryzoides","1","","","","","","","","","","","1","oryzoides","1","No opinion","",TRUE,"http://www.tropicos.org/Name/25509736"
"126","125","Leersia virginica","Willd.","Leersia virginica","http://www.tropicos.org/Name/25512126","Leersia virginica","1","","","Willd.","Poaceae","Leersia","1","virginica","1","","","","","","","","","","","1","virginica","1","No opinion","",TRUE,"http://www.tropicos.org/Name/25512126"
"127","126","Liriodendron tulipifera","L.","Liriodendron tulipifera","http://www.tropicos.org/Name/19300006","Liriodendron tulipifera","1","","","L.","Magnoliaceae","Liriodendron","1","tulipifera","1","","","","","","","","","","","1","tulipifera","1","No opinion","",TRUE,"http://www.tropicos.org/Name/19300006"
"128","127","Lonicera maackii","(Rupr.) Maxim.","Lonicera maackii","http://www.tropicos.org/Name/6000471","Lonicera maackii","1","","","(Rupr.) Maxim.","Caprifoliaceae","Lonicera","1","maackii","1","","","","","","","","","","","1","maackii","1","No opinion","",TRUE,"http://www.tropicos.org/Name/6000471"
"129","128","Lonicera prolifera","(Kirchner) Booth ex Rehder","Lonicera prolifera","http://www.tropicos.org/Name/6000317","Lonicera prolifera","1","","","(Kirchner) Booth ex Rehder","Caprifoliaceae","Lonicera","1","prolifera","1","","","","","","","","","","","1","prolifera","1","No opinion","",TRUE,"http://www.tropicos.org/Name/6000317"
"130","129","Lonicera tatarica","L.","Lonicera tatarica","http://www.tropicos.org/Name/6000144","Lonicera tatarica","1","","","L.","Caprifoliaceae","Lonicera","1","tatarica","1","","","","","","","","","","","1","tatarica","1","No opinion","",TRUE,"http://www.tropicos.org/Name/6000144"
"131","130","Lycopus americanus","Muhl. ex W.P.C. Barton","Lycopus americanus","http://www.tropicos.org/Name/17603079","Lycopus americanus","1","","","Muhl. ex W.P.C. Barton","Lamiaceae","Lycopus","1","americanus","1","","","","","","","","","","","1","americanus","1","No opinion","",TRUE,"http://www.tropicos.org/Name/17603079"
"132","131","Maclura pomifera","(Raf.) C.K. Schneid.","Maclura pomifera","http://www.tropicos.org/Name/21300468","Maclura pomifera","1","","","(Raf.) C.K. Schneid.","Moraceae","Maclura","1","pomifera","1","","","","","","","","","","","1","pomifera","1","No opinion","",TRUE,"http://www.tropicos.org/Name/21300468"
"133","132","Melilotus albus","Medik.","Melilotus alba","http://www.tropicos.org/Name/13035752","Melilotus albus","0.86164033994183","","","Medik.","Fabaceae","Melilotus","1","albus","0.6","","","","","","","","","","","0.86164033994183","albus","0.6","No opinion","",TRUE,"http://www.tropicos.org/Name/13035752"
"134","133","Melilotus officinalis","(L.) Lam.","Melilotus officinalis","http://www.tropicos.org/Name/13035841","Melilotus officinalis","1","","","(L.) Lam.","Fabaceae","Melilotus","1","officinalis","1","","","","","","","","","","","1","officinalis","1","No opinion","",TRUE,"http://www.tropicos.org/Name/13035841"
"135","134","Menispermum canadense","L.","Menispermum canadense","http://www.tropicos.org/Name/20600003","Menispermum canadense","1","","","L.","Menispermaceae","Menispermum","1","canadense","1","","","","","","","","","","","1","canadense","1","No opinion","",TRUE,"http://www.tropicos.org/Name/20600003"
"136","135","Monarda fistulosa","L.","Monarda fistulosa","http://www.tropicos.org/Name/17600168","Monarda fistulosa","1","","","L.","Lamiaceae","Monarda","1","fistulosa","1","","","","","","","","","","","1","fistulosa","1","No opinion","",TRUE,"http://www.tropicos.org/Name/17600168"
"137","136","Morus alba","L.","Morus alba","http://www.tropicos.org/Name/21300010","Morus alba","1","","","L.","Moraceae","Morus","1","alba","1","","","","","","","","","","","1","alba","1","No opinion","",TRUE,"http://www.tropicos.org/Name/21300010"
"138","137","Morus rubra","L.","Morus rubra","http://www.tropicos.org/Name/21300471","Morus rubra","1","","","L.","Moraceae","Morus","1","rubra","1","","","","","","","","","","","1","rubra","1","No opinion","",TRUE,"http://www.tropicos.org/Name/21300471"
"139","138","Onoclea sensibilis","L.","Onoclea sensibilis","http://www.tropicos.org/Name/26602361","Onoclea sensibilis","1","","","L.","Onocleaceae","Onoclea","1","sensibilis","1","","","","","","","","","","","1","sensibilis","1","No opinion","",TRUE,"http://www.tropicos.org/Name/26602361"
"140","139","Osmorhiza longistylis","(Torr.) DC.","Osmorhiza longistylis","http://www.tropicos.org/Name/1700172","Osmorhiza longistylis","1","","","(Torr.) DC.","Apiaceae","Osmorhiza","1","longistylis","1","","","","","","","","","","","1","longistylis","1","No opinion","",TRUE,"http://www.tropicos.org/Name/1700172"
"141","140","Osmunda claytoniana","L.","Osmunda claytoniana","http://www.tropicos.org/Name/26602192","Osmunda claytoniana","1","","","L.","Osmundaceae","Osmunda","1","claytoniana","1","","","","","","","","","","","1","claytoniana","1","No opinion","",TRUE,"http://www.tropicos.org/Name/26602192"
"142","141","Ostrya virginiana","(Mill.) K. Koch","Ostrya virginiana","http://www.tropicos.org/Name/3600027","Ostrya virginiana","1","","","(Mill.) K. Koch","Betulaceae","Ostrya","1","virginiana","1","","","","","","","","","","","1","virginiana","1","No opinion","",TRUE,"http://www.tropicos.org/Name/3600027"
"143","142","Oxalis stricta","L.","Oxalis europaea","http://www.tropicos.org/Name/23701010","Oxalis europaea","1","","","Jord.","Oxalidaceae","Oxalis","1","europaea","1","","","","","","","","","","","1","europaea","1","No opinion","",TRUE,"http://www.tropicos.org/Name/23700040"
"144","143","Oxalis stricta","L.","Oxalis stricta","http://www.tropicos.org/Name/23700040","Oxalis stricta","1","","","L.","Oxalidaceae","Oxalis","1","stricta","1","","","","","","","","","","","1","stricta","1","No opinion","",TRUE,"http://www.tropicos.org/Name/23700040"
"145","144","","","Panicum implicatum","http://www.tropicos.org/Name/25518352","Panicum implicatum","1","","","Scribn.","","Panicum","1","implicatum","1","","","","","","","","","","","1","implicatum","1","No opinion","",TRUE,""
"146","145","Dichanthelium acuminatum var. densiflorum","(E.L. Rand & Redfield) Gould & C.A. Clark","Panicum spretum","http://www.tropicos.org/Name/25517725","Panicum spretum","1","","","Schult.","Poaceae","Panicum","1","spretum","1","","","","","","","","","","","1","spretum","1","No opinion","",TRUE,"http://www.tropicos.org/Name/25511833"
"147","146","Parthenocissus quinquefolia","(L.) Planch.","Parthenocissus quinquefolia","http://www.tropicos.org/Name/34000007","Parthenocissus quinquefolia","1","","","(L.) Planch.","Vitaceae","Parthenocissus","1","quinquefolia","1","","","","","","","","","","","1","quinquefolia","1","No opinion","",TRUE,"http://www.tropicos.org/Name/34000007"
"148","147","Pastinaca sativa","L.","Pastinaca sativa","http://www.tropicos.org/Name/1700175","Pastinaca sativa","1","","","L.","Apiaceae","Pastinaca","1","sativa","1","","","","","","","","","","","1","sativa","1","No opinion","",TRUE,"http://www.tropicos.org/Name/1700175"
"149","148","Phalaris arundinacea","L.","Phalaris arundinacea","http://www.tropicos.org/Name/25509858","Phalaris arundinacea","1","","","L.","Poaceae","Phalaris","1","arundinacea","1","","","","","","","","","","","1","arundinacea","1","No opinion","",TRUE,"http://www.tropicos.org/Name/25509858"
"150","149","Phleum pratense","L.","Phleum pratense","http://www.tropicos.org/Name/25509875","Phleum pratense","1","","","L.","Poaceae","Phleum","1","pratense","1","","","","","","","","","","","1","pratense","1","No opinion","",TRUE,"http://www.tropicos.org/Name/25509875"
"151","150","Phryma leptostachya","L.","Phryma leptostachya","http://www.tropicos.org/Name/24700001","Phryma leptostachya","1","","","L.","Phrymaceae","Phryma","1","leptostachya","1","","","","","","","","","","","1","leptostachya","1","No opinion","",TRUE,"http://www.tropicos.org/Name/24700001"
"152","151","Physalis virginiana","Mill.","Physalis virginiana","http://www.tropicos.org/Name/29601033","Physalis virginiana","1","","","Mill.","Solanaceae","Physalis","1","virginiana","1","","","","","","","","","","","1","virginiana","1","No opinion","",TRUE,"http://www.tropicos.org/Name/29601033"
"153","152","Phytolacca americana","L.","Phytolacca americana","http://www.tropicos.org/Name/24800062","Phytolacca americana","1","","","L.","Phytolaccaceae","Phytolacca","1","americana","1","","","","","","","","","","","1","americana","1","No opinion","",TRUE,"http://www.tropicos.org/Name/24800062"
"154","153","Pilea pumila","(L.) A. Gray","Pilea pumila","http://www.tropicos.org/Name/33400339","Pilea pumila","1","","","(L.) A. Gray","Urticaceae","Pilea","1","pumila","1","","","","","","","","","","","1","pumila","1","No opinion","",TRUE,"http://www.tropicos.org/Name/33400339"
"155","154","Pinus banksiana","Lamb.","Pinus banksiana","http://www.tropicos.org/Name/24900179","Pinus banksiana","1","","","Lamb.","Pinaceae","Pinus","1","banksiana","1","","","","","","","","","","","1","banksiana","1","No opinion","",TRUE,"http://www.tropicos.org/Name/24900179"
"156","155","Pinus hartwegii","Lindl.","Pinus resinosa","http://www.tropicos.org/Name/24900212","Pinus resinosa","1","","","Aiton","Pinaceae","Pinus","1","resinosa","1","","","","","","","","","","","1","resinosa","1","No opinion","",TRUE,"http://www.tropicos.org/Name/24900649"
"157","156","Plantago lanceolata","L.","Plantago lanceolata","http://www.tropicos.org/Name/25200021","Plantago lanceolata","1","","","L.","Plantaginaceae","Plantago","1","lanceolata","1","","","","","","","","","","","1","lanceolata","1","No opinion","",TRUE,"http://www.tropicos.org/Name/25200021"
"158","157","Plantago rugelii","Decne.","Plantago rugelii","http://www.tropicos.org/Name/25200065","Plantago rugelii","1","","","Decne.","Plantaginaceae","Plantago","1","rugelii","1","","","","","","","","","","","1","rugelii","1","No opinion","",TRUE,"http://www.tropicos.org/Name/25200065"
"159","158","Poa pratensis","L.","Poa pratensis","http://www.tropicos.org/Name/25512740","Poa pratensis","1","","","L.","Poaceae","Poa","1","pratensis","1","","","","","","","","","","","1","pratensis","1","No opinion","",TRUE,"http://www.tropicos.org/Name/25512740"
"160","159","Podophyllum peltatum","L.","Podophyllum peltatum","http://www.tropicos.org/Name/3500162","Podophyllum peltatum","1","","","L.","Berberidaceae","Podophyllum","1","peltatum","1","","","","","","","","","","","1","peltatum","1","No opinion","",TRUE,"http://www.tropicos.org/Name/3500162"
"161","160","Polemonium reptans","L.","Polemonium reptans","http://www.tropicos.org/Name/25800475","Polemonium reptans","1","","","L.","Polemoniaceae","Polemonium","1","reptans","1","","","","","","","","","","","1","reptans","1","No opinion","",TRUE,"http://www.tropicos.org/Name/25800475"
"162","161","Polygonatum canaliculatum","(Willd.) Pursh","Polygonatum canaliculatum","http://www.tropicos.org/Name/18400715","Polygonatum canaliculatum","1","","","(Willd.) Pursh","Asparagaceae","Polygonatum","1","canaliculatum","1","","","","","","","","","","","1","canaliculatum","1","No opinion","",TRUE,"http://www.tropicos.org/Name/18400715"
"163","162","Polygonum lapathifolium","L.","Polygonum lapathifolium","http://www.tropicos.org/Name/26000864","Polygonum lapathifolium","1","","","L.","Polygonaceae","Polygonum","1","lapathifolium","1","","","","","","","","","","","1","lapathifolium","1","No opinion","",TRUE,"http://www.tropicos.org/Name/26000864"
"164","163","Polygonum punctatum","Elliott","Polygonum punctatum","http://www.tropicos.org/Name/26000886","Polygonum punctatum","1","","","Elliott","Polygonaceae","Polygonum","1","punctatum","1","","","","","","","","","","","1","punctatum","1","No opinion","",TRUE,"http://www.tropicos.org/Name/26000886"
"165","164","Polygonum virginianum","L.","Polygonum virginianum","http://www.tropicos.org/Name/26000904","Polygonum virginianum","1","","","L.","Polygonaceae","Polygonum","1","virginianum","1","","","","","","","","","","","1","virginianum","1","No opinion","",TRUE,"http://www.tropicos.org/Name/26000904"
"166","165","Polypodium virginianum","L.","Polypodium virginianum","http://www.tropicos.org/Name/26602421","Polypodium virginianum","1","","","L.","Polypodiaceae","Polypodium","1","virginianum","1","","","","","","","","","","","1","virginianum","1","No opinion","",TRUE,"http://www.tropicos.org/Name/26602421"
"167","166","Populus alba","L.","Populus alba","http://www.tropicos.org/Name/28300002","Populus alba","1","","","L.","Salicaceae","Populus","1","alba","1","","","","","","","","","","","1","alba","1","No opinion","",TRUE,"http://www.tropicos.org/Name/28300002"
"168","167","Populus deltoides","W. Bartram ex Marshall","Populus deltoides","http://www.tropicos.org/Name/28300004","Populus deltoides","1","","","W. Bartram ex Marshall","Salicaceae","Populus","1","deltoides","1","","","","","","","","","","","1","deltoides","1","No opinion","",TRUE,"http://www.tropicos.org/Name/28300004"
"169","168","Populus grandidentata","Michx.","Populus grandidentata","http://www.tropicos.org/Name/28300125","Populus grandidentata","1","","","Michx.","Salicaceae","Populus","1","grandidentata","1","","","","","","","","","","","1","grandidentata","1","No opinion","",TRUE,"http://www.tropicos.org/Name/28300125"
"170","169","Potentilla norvegica","L.","Potentilla norvegica","http://www.tropicos.org/Name/27800115","Potentilla norvegica","1","","","L.","Rosaceae","Potentilla","1","norvegica","1","","","","","","","","","","","1","norvegica","1","No opinion","",TRUE,"http://www.tropicos.org/Name/27800115"
"171","170","Potentilla recta","L.","Potentilla recta","http://www.tropicos.org/Name/27800123","Potentilla recta","1","","","L.","Rosaceae","Potentilla","1","recta","1","","","","","","","","","","","1","recta","1","No opinion","",TRUE,"http://www.tropicos.org/Name/27800123"
"172","171","Potentilla simplex","Michx.","Potentilla simplex","http://www.tropicos.org/Name/27801068","Potentilla simplex","1","","","Michx.","Rosaceae","Potentilla","1","simplex","1","","","","","","","","","","","1","simplex","1","No opinion","",TRUE,"http://www.tropicos.org/Name/27801068"
"173","172","Prenanthes alba","L.","Prenanthes alba","http://www.tropicos.org/Name/2701156","Prenanthes alba","1","","","L.","Asteraceae","Prenanthes","1","alba","1","","","","","","","","","","","1","alba","1","No opinion","",TRUE,"http://www.tropicos.org/Name/2701156"
"174","173","Prunella vulgaris","L.","Prunella vulgaris","http://www.tropicos.org/Name/17600275","Prunella vulgaris","1","","","L.","Lamiaceae","Prunella","1","vulgaris","1","","","","","","","","","","","1","vulgaris","1","No opinion","",TRUE,"http://www.tropicos.org/Name/17600275"
"175","174","Prunus americana","Marshall","Prunus americana","http://www.tropicos.org/Name/27800132","Prunus americana","1","","","Marshall","Rosaceae","Prunus","1","americana","1","","","","","","","","","","","1","americana","1","No opinion","",TRUE,"http://www.tropicos.org/Name/27800132"
"176","175","Prunus serotina","Ehrh.","Prunus serotina","http://www.tropicos.org/Name/27800337","Prunus serotina","1","","","Ehrh.","Rosaceae","Prunus","1","serotina","1","","","","","","","","","","","1","serotina","1","No opinion","",TRUE,"http://www.tropicos.org/Name/27800337"
"177","176","Prunus virginiana","L.","Prunus virginiana","http://www.tropicos.org/Name/27800139","Prunus virginiana","1","","","L.","Rosaceae","Prunus","1","virginiana","1","","","","","","","","","","","1","virginiana","1","No opinion","",TRUE,"http://www.tropicos.org/Name/27800139"
"178","177","Pseudotsuga menziesii","(Mirb.) Franco","Pseudotsuga menziesii","http://www.tropicos.org/Name/24900226","Pseudotsuga menziesii","1","","","(Mirb.) Franco","Pinaceae","Pseudotsuga","1","menziesii","1","","","","","","","","","","","1","menziesii","1","No opinion","",TRUE,"http://www.tropicos.org/Name/24900226"
"179","178","Ptelea trifoliata","L.","Ptelea trifoliata","http://www.tropicos.org/Name/28100521","Ptelea trifoliata","1","","","L.","Rutaceae","Ptelea","1","trifoliata","1","","","","","","","","","","","1","trifoliata","1","No opinion","",TRUE,"http://www.tropicos.org/Name/28100521"
"180","179","Quercus alba","L.","Quercus alba","http://www.tropicos.org/Name/13100028","Quercus alba","1","","","L.","Fagaceae","Quercus","1","alba","1","","","","","","","","","","","1","alba","1","No opinion","",TRUE,"http://www.tropicos.org/Name/13100028"
"181","180","Quercus bicolor","Willd.","Quercus bicolor","http://www.tropicos.org/Name/13100038","Quercus bicolor","1","","","Willd.","Fagaceae","Quercus","1","bicolor","1","","","","","","","","","","","1","bicolor","1","No opinion","",TRUE,"http://www.tropicos.org/Name/13100038"
"182","181","Quercus coccinea","Münchh.","Quercus coccinea","http://www.tropicos.org/Name/13100053","Quercus coccinea","1","","","Münchh.","Fagaceae","Quercus","1","coccinea","1","","","","","","","","","","","1","coccinea","1","No opinion","",TRUE,"http://www.tropicos.org/Name/13100053"
"183","182","Quercus macrocarpa","Michx.","Quercus macrocarpa","http://www.tropicos.org/Name/13100002","Quercus macrocarpa","1","","","Michx.","Fagaceae","Quercus","1","macrocarpa","1","","","","","","","","","","","1","macrocarpa","1","No opinion","",TRUE,"http://www.tropicos.org/Name/13100002"
"184","183","Quercus palustris","Münchh.","Quercus palustris","http://www.tropicos.org/Name/13100212","Quercus palustris","1","","","Münchh.","Fagaceae","Quercus","1","palustris","1","","","","","","","","","","","1","palustris","1","No opinion","",TRUE,"http://www.tropicos.org/Name/13100212"
"185","184","Quercus rubra","L.","Quercus rubra","http://www.tropicos.org/Name/13100118","Quercus rubra","1","","","L.","Fagaceae","Quercus","1","rubra","1","","","","","","","","","","","1","rubra","1","No opinion","",TRUE,"http://www.tropicos.org/Name/13100118"
"186","185","Ranunculus abortivus","L.","Ranunculus abortivus","http://www.tropicos.org/Name/27100133","Ranunculus abortivus","1","","","L.","Ranunculaceae","Ranunculus","1","abortivus","1","","","","","","","","","","","1","abortivus","1","No opinion","",TRUE,"http://www.tropicos.org/Name/27100133"
"187","186","Ranunculus hispidus","Michx.","Ranunculus hispidus","http://www.tropicos.org/Name/27100456","Ranunculus hispidus","1","","","Michx.","Ranunculaceae","Ranunculus","1","hispidus","1","","","","","","","","","","","1","hispidus","1","No opinion","",TRUE,"http://www.tropicos.org/Name/27100456"
"188","187","Ranunculus pensylvanicus","L. f.","Ranunculus pensylvanicus","http://www.tropicos.org/Name/27100204","Ranunculus pensylvanicus","1","","","L. f.","Ranunculaceae","Ranunculus","1","pensylvanicus","1","","","","","","","","","","","1","pensylvanicus","1","No opinion","",TRUE,"http://www.tropicos.org/Name/27100204"
"189","188","Ratibida pinnata","(Vent.) Barnhart","Ratibida pinnata","http://www.tropicos.org/Name/2710914","Ratibida pinnata","1","","","(Vent.) Barnhart","Asteraceae","Ratibida","1","pinnata","1","","","","","","","","","","","1","pinnata","1","No opinion","",TRUE,"http://www.tropicos.org/Name/2710914"
"190","189","Rhamnus cathartica","L.","Rhamnus carthartica","http://www.tropicos.org/Name/27500016","Rhamnus cathartica","0.98599670627294","","","L.","Rhamnaceae","Rhamnus","1","cathartica","0.90909090909091","","","","","","","","","","","0.98599670627294","cathartica","0.90909090909091","No opinion","",TRUE,"http://www.tropicos.org/Name/27500016"
"191","190","Rhamnus cathartica","L.","Rhamnus cathartica","http://www.tropicos.org/Name/27500016","Rhamnus cathartica","1","","","L.","Rhamnaceae","Rhamnus","1","cathartica","1","","","","","","","","","","","1","cathartica","1","No opinion","",TRUE,"http://www.tropicos.org/Name/27500016"
"192","191","Rhamnus frangula","L.","Rhamnus frangula","http://www.tropicos.org/Name/27500185","Rhamnus frangula","1","","","L.","Rhamnaceae","Rhamnus","1","frangula","1","","","","","","","","","","","1","frangula","1","No opinion","",TRUE,"http://www.tropicos.org/Name/27500185"
"193","192","Rhus glabra","L.","Rhus glabra","http://www.tropicos.org/Name/1300002","Rhus glabra","1","","","L.","Anacardiaceae","Rhus","1","glabra","1","","","","","","","","","","","1","glabra","1","No opinion","",TRUE,"http://www.tropicos.org/Name/1300002"
"194","193","Toxicodendron radicans","(L.) Kuntze","Rhus radicans","http://www.tropicos.org/Name/1300009","Rhus radicans","1","","","L.","Anacardiaceae","Rhus","1","radicans","1","","","","","","","","","","","1","radicans","1","No opinion","",TRUE,"http://www.tropicos.org/Name/1300004"
"195","194","Rhus typhina","L.","Rhus typhina","http://www.tropicos.org/Name/1300264","Rhus typhina","1","","","L.","Anacardiaceae","Rhus","1","typhina","1","","","","","","","","","","","1","typhina","1","No opinion","",TRUE,"http://www.tropicos.org/Name/1300264"
"196","195","Ribes missouriense","Nutt.","Ribes missouriense","http://www.tropicos.org/Name/29100524","Ribes missouriense","1","","","Nutt.","Grossulariaceae","Ribes","1","missouriense","1","","","","","","","","","","","1","missouriense","1","No opinion","",TRUE,"http://www.tropicos.org/Name/29100524"
"197","196","Robinia pseudoacacia","L.","Robinia pseudoacacia","http://www.tropicos.org/Name/13032749","Robinia pseudoacacia","1","","","L.","Fabaceae","Robinia","1","pseudoacacia","1","","","","","","","","","","","1","pseudoacacia","1","No opinion","",TRUE,"http://www.tropicos.org/Name/13032749"
"198","197","Robinia pseudoacacia","L.","Robinia pseudocacia","http://www.tropicos.org/Name/13032749","Robinia pseudoacacia","0.98737368185461","","","L.","Fabaceae","Robinia","1","pseudoacacia","0.91666666666667","","","","","","","","","","","0.98737368185461","pseudoacacia","0.91666666666667","No opinion","",TRUE,"http://www.tropicos.org/Name/13032749"
"199","198","Rosa carolina","L.","Rosa carolina","http://www.tropicos.org/Name/27801137","Rosa carolina","1","","","L.","Rosaceae","Rosa","1","carolina","1","","","","","","","","","","","1","carolina","1","No opinion","",TRUE,"http://www.tropicos.org/Name/27801137"
"200","199","Rosa multiflora","Thunb.","Rosa multiflora","http://www.tropicos.org/Name/27801148","Rosa multiflora","1","","","Thunb.","Rosaceae","Rosa","1","multiflora","1","","","","","","","","","","","1","multiflora","1","No opinion","",TRUE,"http://www.tropicos.org/Name/27801148"
"201","200","Rubus allegheniensis","Porter","Rubus allegheniensis","http://www.tropicos.org/Name/27801178","Rubus allegheniensis","1","","","Porter","Rosaceae","Rubus","1","allegheniensis","1","","","","","","","","","","","1","allegheniensis","1","No opinion","",TRUE,"http://www.tropicos.org/Name/27801178"
"202","201","Rubus idaeus","L.","Rubus idaeus","http://www.tropicos.org/Name/27800177","Rubus idaeus","1","","","L.","Rosaceae","Rubus","1","idaeus","1","","","","","","","","","","","1","idaeus","1","No opinion","",TRUE,"http://www.tropicos.org/Name/27800177"
"203","202","Rubus occidentalis","L.","Rubus occidentalis","http://www.tropicos.org/Name/27801319","Rubus occidentalis","1","","","L.","Rosaceae","Rubus","1","occidentalis","1","","","","","","","","","","","1","occidentalis","1","No opinion","",TRUE,"http://www.tropicos.org/Name/27801319"
"204","203","Rumex crispus","L.","Rumex crispus","http://www.tropicos.org/Name/26000108","Rumex crispus","1","","","L.","Polygonaceae","Rumex","1","crispus","1","","","","","","","","","","","1","crispus","1","No opinion","",TRUE,"http://www.tropicos.org/Name/26000108"
"205","204","Rumex britannica","L.","Rumex orbiculatus","http://www.tropicos.org/Name/26000118","Rumex orbiculatus","1","","","A. Gray","Polygonaceae","Rumex","1","orbiculatus","1","","","","","","","","","","","1","orbiculatus","1","No opinion","",TRUE,"http://www.tropicos.org/Name/26001594"
"206","205","Salix interior","Rowlee","Salix interior","http://www.tropicos.org/Name/28300276","Salix interior","1","","","Rowlee","Salicaceae","Salix","1","interior","1","","","","","","","","","","","1","interior","1","No opinion","",TRUE,"http://www.tropicos.org/Name/28300276"
"207","206","Salix nigra","Marshall","Salix nigra","http://www.tropicos.org/Name/28300177","Salix nigra","1","","","Marshall","Salicaceae","Salix","1","nigra","1","","","","","","","","","","","1","nigra","1","No opinion","",TRUE,"http://www.tropicos.org/Name/28300177"
"208","207","Sambucus canadensis","L.","Sambucus canadensis","http://www.tropicos.org/Name/6000053","Sambucus canadensis","1","","","L.","Adoxaceae","Sambucus","1","canadensis","1","","","","","","","","","","","1","canadensis","1","No opinion","",TRUE,"http://www.tropicos.org/Name/6000053"
"209","208","Sanguinaria canadensis","L.","Sanguinaria canadensis","http://www.tropicos.org/Name/24000151","Sanguinaria canadensis","1","","","L.","Papaveraceae","Sanguinaria","1","canadensis","1","","","","","","","","","","","1","canadensis","1","No opinion","",TRUE,"http://www.tropicos.org/Name/24000151"
"210","209","Scutellaria lateriflora","L.","Scutellaria lateriflora","http://www.tropicos.org/Name/17600342","Scutellaria lateriflora","1","","","L.","Lamiaceae","Scutellaria","1","lateriflora","1","","","","","","","","","","","1","lateriflora","1","No opinion","",TRUE,"http://www.tropicos.org/Name/17600342"
"211","210","Silphium integrifolium","Michx.","Silphium integrifolium","http://www.tropicos.org/Name/2711048","Silphium integrifolium","1","","","Michx.","Asteraceae","Silphium","1","integrifolium","1","","","","","","","","","","","1","integrifolium","1","No opinion","",TRUE,"http://www.tropicos.org/Name/2711048"
"212","211","Sium suave","Walter","Sium suave","http://www.tropicos.org/Name/1700243","Sium suave","1","","","Walter","Apiaceae","Sium","1","suave","1","","","","","","","","","","","1","suave","1","No opinion","",TRUE,"http://www.tropicos.org/Name/1700243"
"213","212","Smilacina racemosa","(L.) Desf.","Smilacina racemosa","http://www.tropicos.org/Name/18400777","Smilacina racemosa","1","","","(L.) Desf.","Asparagaceae","Smilacina","1","racemosa","1","","","","","","","","","","","1","racemosa","1","No opinion","",TRUE,"http://www.tropicos.org/Name/18400777"
"214","213","Smilax lasioneura","Hook.","Smilax lasioneura","http://www.tropicos.org/Name/18401318","Smilax lasioneura","1","","","Hook.","Smilacaceae","Smilax","1","lasioneura","1","","","","","","","","","","","1","lasioneura","1","No opinion","",TRUE,"http://www.tropicos.org/Name/18401318"
"215","214","Smilax tamnoides","L.","Smilax tamnoides","http://www.tropicos.org/Name/18401332","Smilax tamnoides","1","","","L.","Smilacaceae","Smilax","1","tamnoides","1","","","","","","","","","","","1","tamnoides","1","No opinion","",TRUE,"http://www.tropicos.org/Name/18401332"
"216","215","Solanum dulcamara","L.","Solanum dulcamara","http://www.tropicos.org/Name/29600249","Solanum dulcamara","1","","","L.","Solanaceae","Solanum","1","dulcamara","1","","","","","","","","","","","1","dulcamara","1","No opinion","",TRUE,"http://www.tropicos.org/Name/29600249"
"217","216","Solidago canadensis","L.","Solidago canadensis","http://www.tropicos.org/Name/2711073","Solidago canadensis","1","","","L.","Asteraceae","Solidago","1","canadensis","1","","","","","","","","","","","1","canadensis","1","No opinion","",TRUE,"http://www.tropicos.org/Name/2711073"
"218","217","Solidago flexicaulis","L.","Solidago flexicaulis","http://www.tropicos.org/Name/2703257","Solidago flexicaulis","1","","","L.","Asteraceae","Solidago","1","flexicaulis","1","","","","","","","","","","","1","flexicaulis","1","No opinion","",TRUE,"http://www.tropicos.org/Name/2703257"
"219","218","Solidago gigantea","Aiton","Solidago gigantea","http://www.tropicos.org/Name/2701324","Solidago gigantea","1","","","Aiton","Asteraceae","Solidago","1","gigantea","1","","","","","","","","","","","1","gigantea","1","No opinion","",TRUE,"http://www.tropicos.org/Name/2701324"
"220","219","Solidago graminifolia","(L.) Salisb.","Solidago graminifolia","http://www.tropicos.org/Name/2701325","Solidago graminifolia","1","","","(L.) Salisb.","Asteraceae","Solidago","1","graminifolia","1","","","","","","","","","","","1","graminifolia","1","No opinion","",TRUE,"http://www.tropicos.org/Name/2701325"
"221","220","Euthamia caroliniana","(L.) Greene ex Porter & Britton","Solidago tenuifolia","http://www.tropicos.org/Name/2724899","Solidago tenuifolia","1","","","Pursh","Asteraceae","Solidago","1","tenuifolia","1","","","","","","","","","","","1","tenuifolia","1","No opinion","",TRUE,"http://www.tropicos.org/Name/50119710"
"222","221","Solidago ulmifolia","Muhl. ex Willd.","Solidago ulmifolia","http://www.tropicos.org/Name/2717791","Solidago ulmifolia","1","","","Muhl. ex Willd.","Asteraceae","Solidago","1","ulmifolia","1","","","","","","","","","","","1","ulmifolia","1","No opinion","",TRUE,"http://www.tropicos.org/Name/2717791"
"223","222","Sonchus asper","(L.) Hill","Sonchus asper","http://www.tropicos.org/Name/2701342","Sonchus asper","1","","","(L.) Hill","Asteraceae","Sonchus","1","asper","1","","","","","","","","","","","1","asper","1","No opinion","",TRUE,"http://www.tropicos.org/Name/2701342"
"224","223","Sorghastrum nutans","(L.) Nash","Sorghastrum nutans","http://www.tropicos.org/Name/25509975","Sorghastrum nutans","1","","","(L.) Nash","Poaceae","Sorghastrum","1","nutans","1","","","","","","","","","","","1","nutans","1","No opinion","",TRUE,"http://www.tropicos.org/Name/25509975"
"225","224","Staphylea trifolia","L.","Staphylea trifolia","http://www.tropicos.org/Name/30200017","Staphylea trifolia","1","","","L.","Staphyleaceae","Staphylea","1","trifolia","1","","","","","","","","","","","1","trifolia","1","No opinion","",TRUE,"http://www.tropicos.org/Name/30200017"
"226","225","Stylophorum diphyllum","(Michx.) Nutt.","Stylophorum diphyllum","http://www.tropicos.org/Name/24000154","Stylophorum diphyllum","1","","","(Michx.) Nutt.","Papaveraceae","Stylophorum","1","diphyllum","1","","","","","","","","","","","1","diphyllum","1","No opinion","",TRUE,"http://www.tropicos.org/Name/24000154"
"227","226","Taraxacum officinale","F.H. Wigg.","Taraxacum officinale","http://www.tropicos.org/Name/2726999","Taraxacum officinale","1","","","F.H. Wigg.","Asteraceae","Taraxacum","1","officinale","1","","","","","","","","","","","1","officinale","1","No opinion","",TRUE,"http://www.tropicos.org/Name/2726999"
"228","227","Thalictrum dioicum","L.","Thalictrum dioicum","http://www.tropicos.org/Name/27100843","Thalictrum dioicum","1","","","L.","Ranunculaceae","Thalictrum","1","dioicum","1","","","","","","","","","","","1","dioicum","1","No opinion","",TRUE,"http://www.tropicos.org/Name/27100843"
"229","228","Tilia americana","L.","Tilia americana","http://www.tropicos.org/Name/32200184","Tilia americana","1","","","L.","Malvaceae","Tilia","1","americana","1","","","","","","","","","","","1","americana","1","No opinion","",TRUE,"http://www.tropicos.org/Name/32200184"
"230","229","Tragopogon dubius","Scop.","Tragopogon dubius","http://www.tropicos.org/Name/2701477","Tragopogon dubius","1","","","Scop.","Asteraceae","Tragopogon","1","dubius","1","","","","","","","","","","","1","dubius","1","No opinion","",TRUE,"http://www.tropicos.org/Name/2701477"
"231","230","Trifolium hybridum","L.","Trifolium hybridum","http://www.tropicos.org/Name/13033929","Trifolium hybridum","1","","","L.","Fabaceae","Trifolium","1","hybridum","1","","","","","","","","","","","1","hybridum","1","No opinion","",TRUE,"http://www.tropicos.org/Name/13033929"
"232","231","Trifolium pratense","L.","Trifolium pratense","http://www.tropicos.org/Name/13034154","Trifolium pratense","1","","","L.","Fabaceae","Trifolium","1","pratense","1","","","","","","","","","","","1","pratense","1","No opinion","",TRUE,"http://www.tropicos.org/Name/13034154"
"233","232","Trifolium repens","L.","Trifolium repens","http://www.tropicos.org/Name/13034184","Trifolium repens","1","","","L.","Fabaceae","Trifolium","1","repens","1","","","","","","","","","","","1","repens","1","No opinion","",TRUE,"http://www.tropicos.org/Name/13034184"
"234","233","Typha angustifolia","L.","Typha angustifolia","http://www.tropicos.org/Name/33200001","Typha angustifolia","1","","","L.","Typhaceae","Typha","1","angustifolia","1","","","","","","","","","","","1","angustifolia","1","No opinion","",TRUE,"http://www.tropicos.org/Name/33200001"
"235","234","Typha latifolia","L.","Typha latifolia","http://www.tropicos.org/Name/33200002","Typha latifolia","1","","","L.","Typhaceae","Typha","1","latifolia","1","","","","","","","","","","","1","latifolia","1","No opinion","",TRUE,"http://www.tropicos.org/Name/33200002"
"236","235","Ulmus americana","L.","Ulmus americana","http://www.tropicos.org/Name/33300003","Ulmus americana","1","","","L.","Ulmaceae","Ulmus","1","americana","1","","","","","","","","","","","1","americana","1","No opinion","",TRUE,"http://www.tropicos.org/Name/33300003"
"237","236","Ulmus pumila","L.","Ulmus pumila","http://www.tropicos.org/Name/33300018","Ulmus pumila","1","","","L.","Ulmaceae","Ulmus","1","pumila","1","","","","","","","","","","","1","pumila","1","No opinion","",TRUE,"http://www.tropicos.org/Name/33300018"
"238","237","Ulmus rubra","Muhl.","Ulmus rubra","http://www.tropicos.org/Name/33300072","Ulmus rubra","1","","","Muhl.","Ulmaceae","Ulmus","1","rubra","1","","","","","","","","","","","1","rubra","1","No opinion","",TRUE,"http://www.tropicos.org/Name/33300072"
"239","238","","","Unidentified forb","","","","","","","","","","","","","","","","","","","","","Unidentified forb","","","","No opinion","",TRUE,""
"240","239","","","Unidentified seedling","","","","","","","","","","","","","","","","","","","","","Unidentified seedling","","","","No opinion","",TRUE,""
"241","240","","","Unidentified shrub","","","","","","","","","","","","","","","","","","","","","Unidentified shrub","","","","No opinion","",TRUE,""
"242","241","Urtica dioica","L.","Urtica dioica","http://www.tropicos.org/Name/33400020","Urtica dioica","1","","","L.","Urticaceae","Urtica","1","dioica","1","","","","","","","","","","","1","dioica","1","No opinion","",TRUE,"http://www.tropicos.org/Name/33400020"
"243","242","Uvularia sessilifolia","L.","Uvularia sessilifolia","http://www.tropicos.org/Name/18400824","Uvularia sessilifolia","1","","","L.","Colchicaceae","Uvularia","1","sessilifolia","1","","","","","","","","","","","1","sessilifolia","1","No opinion","",TRUE,"http://www.tropicos.org/Name/18400824"
"244","243","Viburnum lentago","L.","Viburnum lentago","http://www.tropicos.org/Name/6000036","Viburnum lentago","1","","","L.","Adoxaceae","Viburnum","1","lentago","1","","","","","","","","","","","1","lentago","1","No opinion","",TRUE,"http://www.tropicos.org/Name/6000036"
"245","244","Viburnum opulus","L.","Viburnum opulus","http://www.tropicos.org/Name/6000037","Viburnum opulus","1","","","L.","Adoxaceae","Viburnum","1","opulus","1","","","","","","","","","","","1","opulus","1","No opinion","",TRUE,"http://www.tropicos.org/Name/6000037"
"246","245","Viburnum prunifolium","L.","Viburnum prunifolium","http://www.tropicos.org/Name/6000185","Viburnum prunifolium","1","","","L.","Adoxaceae","Viburnum","1","prunifolium","1","","","","","","","","","","","1","prunifolium","1","No opinion","",TRUE,"http://www.tropicos.org/Name/6000185"
"247","246","Viburnum rafinesquianum","Schult.","Viburnum rafinesquianum","http://www.tropicos.org/Name/6000041","Viburnum rafinesquianum","1","","","Schult.","Adoxaceae","Viburnum","1","rafinesquianum","1","","","","","","","","","","","1","rafinesquianum","1","No opinion","",TRUE,"http://www.tropicos.org/Name/6000041"
"248","247","Viburnum recognitum","Fernald","Viburnum recognitum","http://www.tropicos.org/Name/6000187","Viburnum recognitum","1","","","Fernald","Adoxaceae","Viburnum","1","recognitum","1","","","","","","","","","","","1","recognitum","1","No opinion","",TRUE,"http://www.tropicos.org/Name/6000187"
"249","248","Viola pubescens","Aiton","Viola pubescens","http://www.tropicos.org/Name/33800037","Viola pubescens","1","","","Aiton","Violaceae","Viola","1","pubescens","1","","","","","","","","","","","1","pubescens","1","No opinion","",TRUE,"http://www.tropicos.org/Name/33800037"
"250","249","Vitis riparia","Michx.","Vitis riparia","http://www.tropicos.org/Name/34000212","Vitis riparia","1","","","Michx.","Vitaceae","Vitis","1","riparia","1","","","","","","","","","","","1","riparia","1","No opinion","",TRUE,"http://www.tropicos.org/Name/34000212"
